{"coac":true,"coce":true,"cocu":false,"coda":1,"cofo":0.666666666666667,"coli":false,"exac":true,"exco":true,"exda":0.75,"exdi":1,"expr":0.25,"exri":1,"exsp":0,"exte":0,"md5":"227408220569c912d3a2f51de8b726d2","opfo":1,"opli":false,"opma":0.666666666666667}