{"coac":true,"coce":true,"cocu":false,"coda":1,"cofo":0.815384615384615,"coli":true,"exac":true,"exco":true,"exda":1,"exdi":1,"expr":0.75,"exri":1,"exsp":0,"exte":0,"md5":"a50a790013dc3fc9e16fd80380a05489","opfo":1,"opli":true,"opma":0.545454545454545}