{"coac":true,"coce":true,"cocu":false,"coda":1,"cofo":0.571428571428571,"coli":false,"exac":true,"exco":true,"exda":0.75,"exdi":1,"expr":0.25,"exri":1,"exsp":0,"exte":0,"md5":"b386fd10e342cf358b2afc981294de61","opfo":1,"opli":false,"opma":0.571428571428571}