{"coac":true,"coce":true,"cocu":false,"coda":1,"cofo":0.972222222222222,"coli":true,"exac":true,"exco":true,"exda":1,"exdi":1,"expr":0.75,"exri":1,"exsp":0,"exte":0,"md5":"40d753262f872b4013034295fce92922","opfo":0.944444444444444,"opli":true,"opma":0.944444444444444}