{"coac":true,"coce":false,"cocu":false,"coda":1,"cofo":1,"coli":false,"exac":true,"exco":true,"exda":0.75,"exdi":1,"expr":0.5,"exri":1,"exsp":0,"exte":0,"md5":"5da287098eb0577974e33e66f209d7c1","opfo":0.666666666666667,"opli":false,"opma":0.666666666666667}