{"coac":true,"coce":true,"cocu":false,"coda":1,"cofo":0.285714285714286,"coli":false,"exac":true,"exco":true,"exda":0.75,"exdi":1,"expr":0.25,"exri":1,"exsp":0,"exte":0,"md5":"0a7eacf1c1da0c1a6fe03b80a00785aa","opfo":0.571428571428571,"opli":false,"opma":0.285714285714286}