{"coac":true,"coce":false,"cocu":false,"coda":1,"cofo":0.555555555555556,"coli":null,"exac":true,"exco":true,"exda":0.5,"exdi":0.8,"expr":0.5,"exri":0,"exsp":0,"exte":0,"md5":"f71b7f0b0a81d00ad869479372ca7a0b","opfo":0.111111111111111,"opli":null,"opma":0}