{"coac":true,"coce":false,"cocu":false,"coda":1,"cofo":0.505494505494505,"coli":true,"exac":true,"exco":true,"exda":0.75,"exdi":1,"expr":0.75,"exri":1,"exsp":0,"exte":0,"md5":"73392b77f643c41bba19d3ed08579904","opfo":0.010989010989011,"opli":false,"opma":0}