{"coac":true,"coce":true,"cocu":false,"coda":1,"cofo":0.0833333333333333,"coli":true,"exac":true,"exco":true,"exda":1,"exdi":0.8,"expr":0.25,"exri":1,"exsp":0,"exte":0,"md5":"18722137db855eb7c591da86376130f8","opfo":0.0833333333333333,"opli":true,"opma":0}