{"coac":true,"coce":true,"cocu":false,"coda":1,"cofo":0.558823529411765,"coli":true,"exac":true,"exco":true,"exda":0.75,"exdi":0.8,"expr":0.5,"exri":1,"exsp":0,"exte":0,"md5":"ba2f2bcf37e038157be5f317e84721bc","opfo":0.117647058823529,"opli":true,"opma":0}