{"coac":true,"coce":false,"cocu":false,"coda":1,"cofo":1,"coli":false,"exac":true,"exco":true,"exda":1,"exdi":0.8,"expr":0.5,"exri":1,"exsp":0,"exte":0,"md5":"3227d3d491a60990d2e46dd9aa60b36f","opfo":0.0588235294117647,"opli":false,"opma":0.941176470588235}