{"coac":true,"coce":true,"cocu":false,"coda":1,"cofo":0.994764397905759,"coli":true,"exac":true,"exco":true,"exda":1,"exdi":0.8,"expr":0.75,"exri":1,"exsp":0,"exte":0,"md5":"8ad6df6eb227f76dd472fb4cf3e81a7d","opfo":0.961538461538462,"opli":true,"opma":0.990384615384615}