{"coac":true,"coce":true,"cocu":false,"coda":1,"cofo":0.954545454545455,"coli":true,"exac":true,"exco":true,"exda":0.75,"exdi":1,"expr":0.25,"exri":1,"exsp":0,"exte":0,"md5":"d926baf00a7d76ca2ec69303250f55f0","opfo":0.954545454545455,"opli":true,"opma":0.772727272727273}