{"coac":true,"coce":false,"cocu":false,"coda":1,"cofo":1,"coli":true,"exac":true,"exco":true,"exda":1,"exdi":1,"expr":0.25,"exri":1,"exsp":0,"exte":0,"md5":"73a95582e272bf453186e7e445898c8f","opfo":0.333333333333333,"opli":true,"opma":0.666666666666667}