{"coac":true,"coce":true,"cocu":false,"coda":1,"cofo":0.0384615384615385,"coli":true,"exac":true,"exco":true,"exda":1,"exdi":1,"expr":0.25,"exri":1,"exsp":0,"exte":0,"md5":"3929c74439017b6060bd2cefe45c6f21","opfo":0.0384615384615385,"opli":true,"opma":0}