{"coac":true,"coce":true,"cocu":false,"coda":1,"cofo":0.333333333333333,"coli":false,"exac":true,"exco":true,"exda":0.75,"exdi":1,"expr":0.25,"exri":1,"exsp":0,"exte":0,"md5":"2e9b72a0c9123f45f4faf16574d51066","opfo":1,"opli":false,"opma":0.666666666666667}