{"coac":true,"coce":true,"cocu":false,"coda":1,"cofo":0.833333333333333,"coli":true,"exac":true,"exco":true,"exda":0.75,"exdi":0.8,"expr":0.5,"exri":1,"exsp":0,"exte":0,"md5":"6f7cb3f1412815dc4605be63f563a7e3","opfo":0.333333333333333,"opli":true,"opma":0.333333333333333}