{"coac":true,"coce":false,"cocu":false,"coda":1,"cofo":1,"coli":false,"exac":true,"exco":true,"exda":1,"exdi":1,"expr":0.5,"exri":1,"exsp":0,"exte":0,"md5":"3b068a010d26504d5352ff03ba734eb8","opfo":0.142857142857143,"opli":false,"opma":0.857142857142857}