{"coac":true,"coce":false,"cocu":false,"coda":1,"cofo":1,"coli":false,"exac":true,"exco":true,"exda":0.75,"exdi":0.8,"expr":0.5,"exri":1,"exsp":0,"exte":0,"md5":"92aee224460c9b57e0b97221ebb11fb7","opfo":0.666666666666667,"opli":false,"opma":0.666666666666667}