{"coac":true,"coce":true,"cocu":false,"coda":1,"cofo":1,"coli":true,"exac":true,"exco":true,"exda":0.75,"exdi":0.8,"expr":0.5,"exri":1,"exsp":0,"exte":0,"md5":"88255bff6134545d3d145c19bbc537fb","opfo":0.666666666666667,"opli":true,"opma":0.333333333333333}