{"coac":true,"coce":true,"cocu":false,"coda":1,"cofo":0.971428571428571,"coli":true,"exac":true,"exco":true,"exda":1,"exdi":1,"expr":0.75,"exri":1,"exsp":0,"exte":0,"md5":"1ba0ebd277ec7d55def2988c60743ba4","opfo":0.944444444444444,"opli":true,"opma":0.944444444444444}